{
  "9836134e-b892-4283-b6b2-78b5acf3ed45": {
    "asset": 1578487118124,
    "meta": 1577083950000,
    "relativePath": "effects"
  },
  "430eccbf-bf2c-4e6e-8c0c-884bbb487f32": {
    "asset": 1577083950000,
    "meta": 1578580260757,
    "relativePath": "effects\\__builtin-editor-gizmo-line.effect"
  },
  "6c5cf6e1-b044-4eac-9431-835644d57381": {
    "asset": 1577083950000,
    "meta": 1578580260791,
    "relativePath": "effects\\__builtin-editor-gizmo-unlit.effect"
  },
  "115286d1-2e10-49ee-aab4-341583f607e8": {
    "asset": 1577083950000,
    "meta": 1578580260859,
    "relativePath": "effects\\__builtin-editor-gizmo.effect"
  },
  "abc2cb62-7852-4525-a90d-d474487b88f2": {
    "asset": 1577083950000,
    "meta": 1578580260900,
    "relativePath": "effects\\builtin-phong.effect"
  },
  "e2f00085-c597-422d-9759-52c360279106": {
    "asset": 1577083950000,
    "meta": 1578580260900,
    "relativePath": "effects\\builtin-toon.effect"
  },
  "f8e6b000-5643-4b86-9080-aa680ce1f599": {
    "asset": 1578487047190,
    "meta": 1577083950000,
    "relativePath": "image"
  },
  "71561142-4c83-4933-afca-cb7a17f67053": {
    "asset": 1577083950000,
    "meta": 1578580261655,
    "relativePath": "image\\default_btn_disabled.png"
  },
  "e851e89b-faa2-4484-bea6-5c01dd9f06e2": {
    "asset": 1577083950000,
    "meta": 1578580261657,
    "relativePath": "image\\default_btn_normal.png"
  },
  "b43ff3c2-02bb-4874-81f7-f2dea6970f18": {
    "asset": 1577083950000,
    "meta": 1578580261666,
    "relativePath": "image\\default_btn_pressed.png"
  },
  "edd215b9-2796-4a05-aaf5-81f96c9281ce": {
    "asset": 1577083950000,
    "meta": 1578580261668,
    "relativePath": "image\\default_editbox_bg.png"
  },
  "99170b0b-d210-46f1-b213-7d9e3f23098a": {
    "asset": 1577083950000,
    "meta": 1578580261678,
    "relativePath": "image\\default_progressbar_bg.png"
  },
  "d81ec8ad-247c-4e62-aa3c-d35c4193c7af": {
    "asset": 1577083950000,
    "meta": 1578580261679,
    "relativePath": "image\\default_panel.png"
  },
  "cfef78f1-c8df-49b7-8ed0-4c953ace2621": {
    "asset": 1577083950000,
    "meta": 1578580261688,
    "relativePath": "image\\default_progressbar.png"
  },
  "567dcd80-8bf4-4535-8a5a-313f1caf078a": {
    "asset": 1577083950000,
    "meta": 1578580261690,
    "relativePath": "image\\default_radio_button_off.png"
  },
  "9d60001f-b5f4-4726-a629-2659e3ded0b8": {
    "asset": 1577083950000,
    "meta": 1578580261698,
    "relativePath": "image\\default_radio_button_on.png"
  },
  "4bab67cb-18e6-4099-b840-355f0473f890": {
    "asset": 1577083950000,
    "meta": 1578580261699,
    "relativePath": "image\\default_scrollbar_bg.png"
  },
  "d6d3ca85-4681-47c1-b5dd-d036a9d39ea2": {
    "asset": 1577083950000,
    "meta": 1578580261708,
    "relativePath": "image\\default_scrollbar_vertical.png"
  },
  "617323dd-11f4-4dd3-8eec-0caf6b3b45b9": {
    "asset": 1577083950000,
    "meta": 1578580261710,
    "relativePath": "image\\default_scrollbar_vertical_bg.png"
  },
  "0291c134-b3da-4098-b7b5-e397edbe947f": {
    "asset": 1577083950000,
    "meta": 1578580261717,
    "relativePath": "image\\default_scrollbar.png"
  },
  "0275e94c-56a7-410f-bd1a-fc7483f7d14a": {
    "asset": 1577083950000,
    "meta": 1578580261724,
    "relativePath": "image\\default_sprite_splash.png"
  },
  "6e056173-d285-473c-b206-40a7fff5386e": {
    "asset": 1577083950000,
    "meta": 1578580261733,
    "relativePath": "image\\default_sprite.png"
  },
  "73a0903d-d80e-4e3c-aa67-f999543c08f5": {
    "asset": 1577083950000,
    "meta": 1578580261734,
    "relativePath": "image\\default_toggle_checkmark.png"
  },
  "d29077ba-1627-4a72-9579-7b56a235340c": {
    "asset": 1577083950000,
    "meta": 1578580261743,
    "relativePath": "image\\default_toggle_normal.png"
  },
  "c25b9d50-c8fc-4d27-beeb-6e7c1f2e5c0f": {
    "asset": 1577083950000,
    "meta": 1578580261744,
    "relativePath": "image\\default_toggle_disabled.png"
  },
  "5c3eedba-6c41-4c0c-9ba7-d91f813cbd1c": {
    "asset": 1578487047204,
    "meta": 1577083950000,
    "relativePath": "materials"
  },
  "c4480a0a-6ac5-443f-8b40-361a14257fc8": {
    "asset": 1577083950000,
    "meta": 1578580261747,
    "relativePath": "materials\\builtin-phong.mtl"
  },
  "fc09f9bd-2cce-4605-b630-8145ef809ed6": {
    "asset": 1578487047220,
    "meta": 1577083950000,
    "relativePath": "misc"
  },
  "b181c1e4-0a72-4a91-bfb0-ae6f36ca60bd": {
    "asset": 1577083950000,
    "meta": 1578580261754,
    "relativePath": "image\\default_toggle_pressed.png"
  },
  "db019bf7-f71c-4111-98cf-918ea180cb48": {
    "asset": 1578487047303,
    "meta": 1577083950000,
    "relativePath": "model"
  },
  "e39e96e6-6f6e-413f-bcf1-ac7679bb648a": {
    "asset": 1578487047290,
    "meta": 1577083950000,
    "relativePath": "model\\prefab"
  },
  "2be36297-9abb-4fee-8049-9ed5e271da8a": {
    "asset": 1577083950000,
    "meta": 1578580261775,
    "relativePath": "misc\\default_video.mp4"
  },
  "a87cc147-01b2-43f8-8e42-a7ca90b0c757": {
    "asset": 1578580261787,
    "meta": 1578580261789,
    "relativePath": "model\\prefab\\box.prefab"
  },
  "fe1417b6-fe6b-46a4-ae7c-9fd331f33a2a": {
    "asset": 1578580261788,
    "meta": 1578580261789,
    "relativePath": "model\\prefab\\capsule.prefab"
  },
  "b5fc2cf2-7942-483d-be1f-bbeadc4714ad": {
    "asset": 1578580261791,
    "meta": 1578580261793,
    "relativePath": "model\\prefab\\cone.prefab"
  },
  "1c5e4038-953a-44c2-b620-0bbfc6170477": {
    "asset": 1578580261792,
    "meta": 1578580261794,
    "relativePath": "model\\prefab\\cylinder.prefab"
  },
  "3f376125-a699-40ca-ad05-04d662eaa1f2": {
    "asset": 1578580261796,
    "meta": 1578580261798,
    "relativePath": "model\\prefab\\plane.prefab"
  },
  "6c9ef10d-b479-420b-bfe6-39cdda6a8ae0": {
    "asset": 1578580261797,
    "meta": 1578580261798,
    "relativePath": "model\\prefab\\quad.prefab"
  },
  "2d9a4b85-b0ab-4c46-84c5-18f393ab2058": {
    "asset": 1578580261800,
    "meta": 1578580261807,
    "relativePath": "model\\prefab\\sphere.prefab"
  },
  "de510076-056b-484f-b94c-83bef217d0e1": {
    "asset": 1578580261807,
    "meta": 1578580262379,
    "relativePath": "model\\prefab\\torus.prefab"
  },
  "f6e6dd15-71d1-4ffe-ace7-24fd39942c05": {
    "asset": 1578487047325,
    "meta": 1577083950000,
    "relativePath": "obsolete"
  },
  "8a96b965-2dc0-4e03-aa90-3b79cb93b5b4": {
    "asset": 1577083950000,
    "meta": 1578580262389,
    "relativePath": "obsolete\\atom.png"
  },
  "f743d2b6-b7ea-4c14-a55b-547ed4d0a045": {
    "asset": 1578487047345,
    "meta": 1577083950000,
    "relativePath": "particle"
  },
  "b8223619-7e38-47c4-841f-9160c232495a": {
    "asset": 1577083950000,
    "meta": 1578580262703,
    "relativePath": "obsolete\\atom.plist"
  },
  "d0a82d39-bede-46c4-b698-c81ff0dedfff": {
    "asset": 1577083950000,
    "meta": 1578580262400,
    "relativePath": "particle\\atom.png"
  },
  "ae6c6c98-11e4-452f-8758-75f5c6a56e83": {
    "asset": 1578487118161,
    "meta": 1577083950000,
    "relativePath": "prefab"
  },
  "972b9a4d-47ee-4c74-b5c3-61d8a69bc29f": {
    "asset": 1578580262402,
    "meta": 1578580262403,
    "relativePath": "prefab\\button.prefab"
  },
  "b2687ac4-099e-403c-a192-ff477686f4f5": {
    "asset": 1577083950000,
    "meta": 1578580262705,
    "relativePath": "particle\\atom.plist"
  },
  "897ef7a1-4860-4f64-968d-f5924b18668a": {
    "asset": 1578580262404,
    "meta": 1578580262405,
    "relativePath": "prefab\\camera.prefab"
  },
  "2c937608-2562-40ea-b264-7395df6f0cea": {
    "asset": 1578580262407,
    "meta": 1578580262408,
    "relativePath": "prefab\\canvas.prefab"
  },
  "61aeb05b-3b32-452b-8eed-2b76deeed554": {
    "asset": 1578580262410,
    "meta": 1578580262411,
    "relativePath": "prefab\\editbox.prefab"
  },
  "27756ebb-3d33-44b0-9b96-e858fadd4dd4": {
    "asset": 1578580262413,
    "meta": 1578580262414,
    "relativePath": "prefab\\label.prefab"
  },
  "785a442c-3ceb-45be-a46e-7317f625f3b9": {
    "asset": 1578580262417,
    "meta": 1578580262418,
    "relativePath": "prefab\\layout.prefab"
  },
  "a3ee0214-b432-4865-9666-4a3211814282": {
    "asset": 1578487118157,
    "meta": 1577083950000,
    "relativePath": "prefab\\light"
  },
  "61906da3-7003-4bda-9abc-5769c76faee4": {
    "asset": 1578580262431,
    "meta": 1578580262431,
    "relativePath": "prefab\\light\\ambient.prefab"
  },
  "ddb99b39-7004-47cd-9705-751905c43c46": {
    "asset": 1578580262433,
    "meta": 1578580262434,
    "relativePath": "prefab\\light\\directional.prefab"
  },
  "0cf30284-9073-46bc-9eba-e62b69dbbff3": {
    "asset": 1578580262435,
    "meta": 1578580262436,
    "relativePath": "prefab\\light\\point.prefab"
  },
  "f5331fd2-bf42-4ee3-a3fd-3e1657600eff": {
    "asset": 1578580262438,
    "meta": 1578580262439,
    "relativePath": "prefab\\light\\spot.prefab"
  },
  "ca8401fe-ad6e-41a8-bd46-8e3e4e9945be": {
    "asset": 1578580262441,
    "meta": 1578580262442,
    "relativePath": "prefab\\pageview.prefab"
  },
  "cd33edea-55f5-46c2-958d-357a01384a36": {
    "asset": 1578580262443,
    "meta": 1578580262444,
    "relativePath": "prefab\\particlesystem.prefab"
  },
  "5965ffac-69da-4b55-bcde-9225d0613c28": {
    "asset": 1578580262446,
    "meta": 1578580262447,
    "relativePath": "prefab\\progressBar.prefab"
  },
  "4a37dd57-78cd-4cec-aad4-f11a73d12b63": {
    "asset": 1578580262449,
    "meta": 1578580262450,
    "relativePath": "prefab\\richtext.prefab"
  },
  "32044bd2-481f-4cf1-a656-e2b2fb1594eb": {
    "asset": 1578580262465,
    "meta": 1578580262466,
    "relativePath": "prefab\\scrollview.prefab"
  },
  "0004d1cf-a0ad-47d8-ab17-34d3db9d35a3": {
    "asset": 1578580262468,
    "meta": 1578580262468,
    "relativePath": "prefab\\slider.prefab"
  },
  "1f55e3be-b89b-4b79-88de-47fd31018044": {
    "asset": 1578580262470,
    "meta": 1578580262471,
    "relativePath": "prefab\\sprite_splash.prefab"
  },
  "96083d03-c332-4a3f-9386-d03e2d19e8ee": {
    "asset": 1578580262473,
    "meta": 1578580262473,
    "relativePath": "prefab\\sprite.prefab"
  },
  "7de03a80-4457-438d-95a7-3e7cdffd6086": {
    "asset": 1578580262481,
    "meta": 1578580262492,
    "relativePath": "prefab\\tiledmap.prefab"
  },
  "0e42ba95-1fa1-46aa-b2cf-143cd1bcee2c": {
    "asset": 1578580262494,
    "meta": 1578580262495,
    "relativePath": "prefab\\tiledtile.prefab"
  },
  "0d784963-d024-4ea6-a7db-03be0ad63010": {
    "asset": 1578580262502,
    "meta": 1578580262503,
    "relativePath": "prefab\\toggle.prefab"
  },
  "bf0a434c-84dd-4a8e-a08a-7a36f180cc75": {
    "asset": 1578580262520,
    "meta": 1578580262521,
    "relativePath": "prefab\\toggleContainer.prefab"
  },
  "d1b8be49-b0a0-435c-83b7-552bed4bbe35": {
    "asset": 1578580262525,
    "meta": 1578580262526,
    "relativePath": "prefab\\toggleGroup.prefab"
  },
  "232d2782-c4bd-4bb4-9e01-909f03d6d3b9": {
    "asset": 1578580262531,
    "meta": 1578580262532,
    "relativePath": "prefab\\videoplayer.prefab"
  },
  "d8afc78c-4eac-4a9f-83dd-67bc70344d33": {
    "asset": 1578487047623,
    "meta": 1577083950000,
    "relativePath": "resources"
  },
  "294c1663-4adf-4a1e-a795-53808011a38a": {
    "asset": 1578487047565,
    "meta": 1577083950000,
    "relativePath": "resources\\effects"
  },
  "8c5001fd-07ee-4a4b-a8a0-63e15195e94d": {
    "asset": 1578580262534,
    "meta": 1578580262541,
    "relativePath": "prefab\\webview.prefab"
  },
  "144c3297-af63-49e8-b8ef-1cfa29b3be28": {
    "asset": 1577083950000,
    "meta": 1578580262549,
    "relativePath": "resources\\effects\\builtin-2d-gray-sprite.effect"
  },
  "0e93aeaa-0b53-4e40-b8e0-6268b4e07bd7": {
    "asset": 1577083950000,
    "meta": 1578580262555,
    "relativePath": "resources\\effects\\builtin-2d-spine.effect"
  },
  "2874f8dd-416c-4440-81b7-555975426e93": {
    "asset": 1577083950000,
    "meta": 1578580262561,
    "relativePath": "resources\\effects\\builtin-2d-sprite.effect"
  },
  "c0040c95-c57f-49cd-9cbc-12316b73d0d4": {
    "asset": 1577083950000,
    "meta": 1578580262573,
    "relativePath": "resources\\effects\\builtin-clear-stencil.effect"
  },
  "79eafaef-b7ef-45d9-9c3f-591dc836fc7a": {
    "asset": 1577083950000,
    "meta": 1578580262585,
    "relativePath": "resources\\effects\\builtin-unlit-transparent.effect"
  },
  "6d91e591-4ce0-465c-809f-610ec95019c6": {
    "asset": 1577083950000,
    "meta": 1578580262586,
    "relativePath": "resources\\effects\\builtin-unlit.effect"
  },
  "bbee2217-c261-49bd-a8ce-708d6bcc3500": {
    "asset": 1578487047618,
    "meta": 1577083950000,
    "relativePath": "resources\\materials"
  },
  "6f801092-0c37-4f30-89ef-c8d960825b36": {
    "asset": 1577083950000,
    "meta": 1578580262588,
    "relativePath": "resources\\materials\\builtin-2d-base.mtl"
  },
  "3a7bb79f-32fd-422e-ada2-96f518fed422": {
    "asset": 1577083950000,
    "meta": 1578580262590,
    "relativePath": "resources\\materials\\builtin-2d-gray-sprite.mtl"
  },
  "7afd064b-113f-480e-b793-8817d19f63c3": {
    "asset": 1577083950000,
    "meta": 1578580262591,
    "relativePath": "resources\\materials\\builtin-2d-spine.mtl"
  },
  "eca5d2f2-8ef6-41c2-bbe6-f9c79d09c432": {
    "asset": 1577083950000,
    "meta": 1578580262593,
    "relativePath": "resources\\materials\\builtin-2d-sprite.mtl"
  },
  "cf7e0bb8-a81c-44a9-ad79-d28d43991032": {
    "asset": 1577083950000,
    "meta": 1578580262594,
    "relativePath": "resources\\materials\\builtin-clear-stencil.mtl"
  },
  "2a296057-247c-4a1c-bbeb-0548b6c98650": {
    "asset": 1577083950000,
    "meta": 1578580262596,
    "relativePath": "resources\\materials\\builtin-unlit.mtl"
  },
  "954fec8b-cd16-4bb9-a3b7-7719660e7558": {
    "asset": 1577083950000,
    "meta": 1578580265188,
    "relativePath": "model\\primitives.fbx"
  },
  "e5c83fb5-87ca-4227-bc61-0237abe9fe87": {
    "asset": 1578580265222,
    "meta": 1578580174227,
    "relativePath": "resources"
  },
  "324428e0-347a-4fb2-adfd-ab6dee564938": {
    "asset": 1578580174230,
    "meta": 1578580174229,
    "relativePath": "resources\\Prefab"
  },
  "f83c6e2b-ffe1-4aa1-92cd-6658cc6058a5": {
    "asset": 1578580174227,
    "meta": 1578580174225,
    "relativePath": "Scripts"
  },
  "ed258b20-a7f2-4bb5-9b1c-93618326a120": {
    "asset": 1578580174226,
    "meta": 1578580270138,
    "relativePath": "Scripts\\GameStart.js"
  },
  "23148863-7ba1-4858-bf72-0052e27c0c17": {
    "asset": 1578580669804,
    "meta": 1578580669811,
    "relativePath": "resources\\Prefab\\Loading.prefab"
  },
  "0b4a554e-0520-437d-b9fa-cceca21d25ff": {
    "asset": 1578580174226,
    "meta": 1578580270145,
    "relativePath": "Scripts\\Loading.js"
  },
  "ec4d1799-9ac7-4361-9073-18c8f81b2565": {
    "asset": 1578580712790,
    "meta": 1578580712795,
    "relativePath": "start.fire"
  },
  "6da71e72-f851-4056-ab4d-5394afd3166a": {
    "asset": 1578580409886,
    "meta": 1578580412556,
    "relativePath": "Altas"
  },
  "6175a352-fc6d-4bc4-99f7-6cc75c4e7ced": {
    "asset": 1578580412570,
    "meta": 1578580412558,
    "relativePath": "resources\\texture"
  },
  "3a1a4ae6-5c16-4c44-84e0-d5542a670f29": {
    "asset": 1502870684000,
    "meta": 1578580412587,
    "relativePath": "resources\\texture\\player_0.png"
  },
  "7c9edba7-1bf9-4ba7-9b17-08dc00d8dc3e": {
    "asset": 1502870684000,
    "meta": 1578580412588,
    "relativePath": "resources\\texture\\iconBg.png"
  },
  "e3fce47e-87f8-480d-8a02-643012a0bef0": {
    "asset": 1502870684000,
    "meta": 1578580412598,
    "relativePath": "resources\\texture\\player_101.png"
  },
  "9adb26c8-929c-4386-abab-8dc517a864d9": {
    "asset": 1502870684000,
    "meta": 1578580412600,
    "relativePath": "resources\\texture\\player_102.png"
  },
  "7a024f65-f8e4-412e-9e10-f741925b9333": {
    "asset": 1502870684000,
    "meta": 1578580412611,
    "relativePath": "resources\\texture\\player_104.png"
  },
  "44add4df-d65d-4212-83bb-bff5e77bd2ce": {
    "asset": 1502870684000,
    "meta": 1578580412612,
    "relativePath": "resources\\texture\\player_103.png"
  },
  "5ca22ad6-1b9e-4c24-adbe-d00bdaab230a": {
    "asset": 1502870684000,
    "meta": 1578580412620,
    "relativePath": "resources\\texture\\player_105.png"
  },
  "e819ecd3-dca9-4872-8aac-6b44d88e399b": {
    "asset": 1502870684000,
    "meta": 1578580412622,
    "relativePath": "resources\\texture\\player_201.png"
  },
  "ade67800-fb2a-4b5f-a6b8-9bcfdf7c2259": {
    "asset": 1502870684000,
    "meta": 1578580412631,
    "relativePath": "resources\\texture\\player_301.png"
  },
  "164b7c6b-b9a1-4e19-aacb-c0258bbfe17b": {
    "asset": 1502870684000,
    "meta": 1578580412632,
    "relativePath": "resources\\texture\\player_302.png"
  },
  "36afc966-f22f-421f-a779-08904168acbd": {
    "asset": 1502870684000,
    "meta": 1578580412641,
    "relativePath": "resources\\texture\\player_303.png"
  },
  "44b82c80-0096-4c08-bfe7-6518508d1ee5": {
    "asset": 1502870684000,
    "meta": 1578580412642,
    "relativePath": "resources\\texture\\player_304.png"
  },
  "28976b00-7028-48f2-b5b5-fc3fd82fa531": {
    "asset": 1502870684000,
    "meta": 1578580412650,
    "relativePath": "resources\\texture\\player_401.png"
  },
  "f1fb983d-e5ba-4550-9620-3784b813d437": {
    "asset": 1502870684000,
    "meta": 1578580412651,
    "relativePath": "resources\\texture\\player_402.png"
  },
  "891d0308-59c2-4271-a0f3-a8b3e72b3259": {
    "asset": 1502870684000,
    "meta": 1578580412660,
    "relativePath": "resources\\texture\\player_403.png"
  },
  "fe9557f7-f626-448b-a949-303548a9adeb": {
    "asset": 1502870684000,
    "meta": 1578580412662,
    "relativePath": "resources\\texture\\player_404.png"
  },
  "52092844-dc3f-437d-a2e3-245ad69679c3": {
    "asset": 1502870684000,
    "meta": 1578580412670,
    "relativePath": "resources\\texture\\player_405.png"
  },
  "1336accc-41d3-497c-bf2d-b4b8c1073b7c": {
    "asset": 1502870684000,
    "meta": 1578580412672,
    "relativePath": "resources\\texture\\player_406.png"
  },
  "77797e0c-d238-4289-b8c7-e5fbcd48ca7d": {
    "asset": 1502870764000,
    "meta": 1578580412679,
    "relativePath": "resources\\texture\\player_407.png"
  },
  "61fb66f0-2daa-4b70-8227-0f349d80e6a6": {
    "asset": 1502870764000,
    "meta": 1578580412684,
    "relativePath": "resources\\texture\\player_502.png"
  },
  "86c62172-9d02-42f1-b35c-4f9e159ff704": {
    "asset": 1502870764000,
    "meta": 1578580412691,
    "relativePath": "resources\\texture\\player_503.png"
  },
  "beddba52-10b5-46f7-8c6f-136654edc5a1": {
    "asset": 1502870764000,
    "meta": 1578580412698,
    "relativePath": "resources\\texture\\player_504.png"
  },
  "1dfa74da-46fd-42bb-ad6b-ce5de6e682ba": {
    "asset": 1502870764000,
    "meta": 1578580412705,
    "relativePath": "resources\\texture\\player_505.png"
  },
  "fecc6ccf-a056-45da-8ecb-26f2fc40e77f": {
    "asset": 1502870762000,
    "meta": 1578580412711,
    "relativePath": "resources\\texture\\player_506.png"
  },
  "d5e979f0-2e34-49cd-9240-1dbc42595688": {
    "asset": 1501862274399,
    "meta": 1578580412732,
    "relativePath": "resources\\texture\\player_501.png"
  }
}